{"cameraMode":{"drawMode":0,"name":"Shaded","section":"Shading Mode"},"sceneLighting":false,"audioPlay":false,"sceneViewState":{"m_AlwaysRefresh":false,"showFog":true,"showSkybox":false,"showFlares":true,"showImageEffects":true,"showParticleSystems":true,"showVisualEffectGraphs":true,"m_FxEnabled":true},"in2DMode":false,"pivot":{"x":10.545000076293946,"y":4.109999656677246,"z":18.989999771118165},"rotation":{"x":0.2059178203344345,"y":-0.006666884291917086,"z":0.001423653564415872,"w":0.9785884618759155},"size":14.661417007446289,"orthographic":false}