{"cameraMode":{"drawMode":0,"name":"Shaded","section":"Shading Mode"},"sceneLighting":true,"audioPlay":false,"sceneViewState":{"m_AlwaysRefresh":false,"showFog":true,"showSkybox":true,"showFlares":true,"showImageEffects":true,"showParticleSystems":true,"showVisualEffectGraphs":true,"m_FxEnabled":true},"in2DMode":false,"pivot":{"x":39.341461181640628,"y":-28.944732666015626,"z":16.932674407958986},"rotation":{"x":0.5799064040184021,"y":0.027181057259440423,"z":-0.020078424364328386,"w":0.8142244815826416},"size":52.70301818847656,"orthographic":false}